{
  "tiempo_secuencial": 0.002080678939819336,
  "tiempo_paralela": 0.16077518463134766,
  "speedup": 0.01,
  "procesados": 4
}